title,video_id,channel_title,channel_id,publish_time,description,tags,category_id,view_count,like_count,comment_count,duration,definition,privacy_status
Japanese Bath Bomb #shorts #bones,UT0N6f9W0T8,Alina & Amelia,UC2zaij4gdFjQ1gUeYB6tyIA,2023-04-18T08:27:55Z,,,10,108606814,2283961,4480.0,PT26S,hd,public
Adorable 6-Year-Old Kid Expert Teaches Ellen About Famous Scientists,G2PNAo_MlJM,TheEllenShow,UCp0hYYBW6IMayGgR-WeoCvQ,2023-05-31T22:42:49Z,,"ellen,degeneres,ellen show,humor,comedy,funny,celebrity,television,music,interview,tv,ellen degeneres,the ellen show,daytime tv,talk show",24,83217306,2398601,10184.0,PT57S,hd,public
Gordon Ramsay finds BONES in a VEGETARIAN's meal?! #gordonramsay #shorts,s48dGVZMxCQ,Up Your Cooking,UCTQuPCPGM9VdwAFvuEx5Rpw,2022-11-06T23:00:23Z,"In this video, Gordon Ramsay confronts the cook and the owner of a restaurant after a customer noticed and complained about pork bones in her sauce. She is vegetarian!","Chef Ramsay,Gordon,Gordon Ramsay,Hotel Hell,Kitchen Nightmares,Kitchen Nightmares USA,Ramsay,Ramsey,gordon likes the food,gordon ramsay best insults,gordon ramsay caviar,gordon ramsay donkey,gordon ramsay idiot sandwich,gordon ramsay it‚Äôs raw,gordon ramsay kitchen nightmares,gordon ramsay likes the food,gordon ramsay lobster,gordon ramsay steak,kitchen nightmares full episode,kitchen nightmares likes the food,kitchen nightmares watch online,Chef cook,Cooking",24,52809406,2428301,29879.0,PT1M,hd,public
Imagine Dragons - Bones | Tik Tok | MuzicArt | #shorts,6GPrzf9fpWU,Anime Adventures,UC9NLra5L3MD7WiNwjpK0Xfg,2023-02-15T17:00:23Z,"Imagine Dragons - Bones | Tik Tok | MuzicArt | #shorts Instagram : https://www.instagram.com/sa_umarfarooq/

Facebook page : https://www.facebook.com/SAgaming404/

Thanks for watching......
SUBSCRIBE if you like our videos","Autotune,autotune vs no autotune,Shorts,Viral,Instagram Shorts,Meme song,tiktok,tiktok reels,youtube viral song,tiktok trending autotune song,singer with no autotune,viral cover song",10,47887394,1181577,7987.0,PT34S,hd,public
Teen Titans Go! -  Smile Bones (Clip 2),qKzE_7zQk7s,Cartoon Network Australia,UCW5xCqirsmdKqYWYMj-pVUw,2016-10-29T00:30:00Z,"There's a problem in the form of giant stomach monsters. Make sure to check out Planet 1UP, where Nate gets up to some crazy stuff!! http://youtube.com/weareplanet1up","Foxtel,Cartoon,Network,Official,Channel,Animation,Animated,Kids,Cartoons,Preview,Clip,TV,Watch,Full,Free,Episode,Episodes,Season,Series,Premiere,Trailer,Action,Comedy,CN,Play,App,Online,Download",1,44416939,46119,,PT2M3S,sd,public
#imaginedragons live performances always be giving chills in our #bones üî•,LyDe3I6nyd8,Universal Music Singapore,UCA5_IBWXEN8gd0ylJvBTWSg,2022-08-31T12:00:12Z,"Listen to #bones by @ImagineDragons: https://ImagineDragons.lnk.to/bones_ID
Stream the their latest album, #Mercury: https://ImagineDragons.lnk.to/mercuryacts12ID","UMG,Music,Universal Music Singapore,Universal,Pop,Rock,Indie,Singapore,Songs,Tracks,Viral Tracks,Tik Tok",10,32873574,1904603,7724.0,PT44S,hd,public
This Guy Only Eat Bones!??ü§£ü§£ (@thebreaker_06),6t40duEiHj0,Khupper,UCajo926lPdh1QZXCmwYlE-g,2025-03-14T10:00:07Z,"#shorts #viralshorts 

Credit: @thebreaker_06 via IG!",,24,47168235,501196,2571.0,PT19S,hd,public
Teen Titans Go! | Smile Bones | Cartoon Network,jdY0JdtPeGY,Cartoon Network Shorts,UCkWx9zg6CyiSt6UtM9F7O-Q,2021-03-23T12:00:28Z,"New videos each week! Subscribe to not miss out!
https://www.youtube.com/channel/UCkWx9zg6CyiSt6UtM9F7O-Q?sub_confirmation=1

I like Ben 10, Adventure Time, Gumball, Steven Universe, Clarence, We Bare Bears, Apple and Onion, Craig of the Creek, Unikitty and all of the other great Cartoon Network Cartoons!

Subscribe if you like them too! :)
https://www.youtube.com/channel/UCkWx9zg6CyiSt6UtM9F7O-Q?sub_confirmation=1

My playlists
Best of Ben 10
https://www.youtube.com/watch?v=YxdLjtqM8y4&list=PLdPKsU_tLhr49gu0mF1txIgh3BiXsUTo2

Best of Steven Universe
https://www.youtube.com/playlist?list=PLdPKsU_tLhr4FJrwGzkHJgzJXCHyom4hT

Best of Gumball
https://www.youtube.com/playlist?list=PLdPKsU_tLhr49gu0mF1txIgh3BiXsUTo2

See you!

#cartoons #kids #bestof","ben 10,gumball,teen titans go,tom and jerry,cartoon network,clarence,grizzy and the lemmings,lamput,stronger than you,courage,courage the cowardly dog,scooby doo,steven universe,ninjago,teen titans,we bare bears,the amazing world of gumball,regular show,unikitty,bunnicula,johnny bravo,uncle grandpa,CN,adventure time,powerpuff girls,amazing world of gumball,chowder,cartoons for kids,cartoons",24,24721529,99277,0.0,PT4M50S,hd,public
INFINITE UNIVERSE || Bones Ft.@ImagineDragons[Multifandom],XFEffg--4MI,Brownfye,UCEBADryG3hKV96zOHQZ8q-Q,2022-08-26T23:34:25Z,"Let's work together and grow this channel!
If you enjoyed this video don't forget to leave a like! 
Subscribe if you're new!

Wear headphones for a better experience!


FOLLOW ME ON TWITTER  ‚ñ∫ https://twitter.com/Brownfye
FOLLOW ME ON TWITCH ‚ñ∫  https://www.twitch.tv/brownfye
FOLLOW ME ON INSTAGRAM ‚ñ∫ https://www.instagram.com/brownfye.tv/
GAMING CHANNEL ‚ñ∫ https://www.youtube.com/channel/UCiNZU87d_3By_f8J4Ze4iEQ
#edit #marvel #imaginedragons  

Music by: ImagineDragons
https://youtu.be/DYed5whEf4g","God of War,Marvel,DC,MCU,Marvel Cinematic Universe,Brownfye,Edit,Edits,Infinite Universe,Multifandom,Spider-Man,brownfye edits,marveledits,avengers,marvel heroes,marvelheroes,ironman,iron man,MarvelCinematicUniverse,Mortal Kombat,Scorpion,God of War Ragnarok,Spider Man No Way Home,Infinite,Universe,Mortal Kombat 11,X-Men,Batman,Ghost of Sparta,Kratos,imaginedragons,imagine dragons,BONES,Doctor Strange,Superman,Hancock,Deadpool,Starwars,Kung Fu Panda",1,21834559,173843,4266.0,PT3M3S,hd,public
Alphabet Lore with broken bones! (E-J) Part 2,CW7B7ILllWg,TirMac,UCF3be5X2k7HQU40ii3BTqjw,2023-03-10T12:00:09Z,"Alphabet Lore But its Different!

Thank you for watching! Also for your likes, comments, and subscription!

If you have any idea for next video, tell me on comments!","Alphabet Lore,tirmac,ohio,memes,funny",24,23549689,281037,2960.0,PT21S,hd,public
Imagine Dragons Bones versus Enemy #livepeformance #noautotune #shorts,b-icBVJG478,ATZ Music,UCuLhEpg3xlPPmuNfIlFiKVQ,2023-01-09T13:30:03Z,"Disclaimer:-

Copyright Disclaimer under Section 107 of the copyright act 1976, allowance is made for fair use for purposes such as criticism, comment, news reporting, scholarship, and research. Fair use is a use permitted by copyright statute that might otherwise be infringing. Non-profit, educational or personal use tips the balance in favour of fair use.",,22,21312905,1024417,7554.0,PT56S,hd,public
Alphabet Lore with broken bones! (A-D) Part 1,FkU0ZPQ1VEg,TirMac,UCF3be5X2k7HQU40ii3BTqjw,2023-03-09T13:00:41Z,"Alphabet Lore But its Different!


Thank you for watching! Also for your likes, comments, and subscription!

If you have any idea for next video, tell me on comments!","Alphabet Lore,tirmac,ohio,meme,memes",24,22628947,353720,8402.0,PT19S,hd,public
Not The Bone Dance being the reason we passed biology Hannah Montana @disneychannelmusic,4HpdMtr0NcE,Disney Channel Music,UCJVnKZWT3WXxfG8T6EUdezw,2024-08-24T20:00:05Z,Watch the newest Disney Channel videos here: https://youtube.com/playlist?list=PLiv1IUQDVSNKSwiTLE-l6pwhnu75gRIfH&si=PkfaZLbxEPbza9_U,"disney channel,disney,hannah montana,miley cyrus,miley cyrus disney,miley cyrus disney channel,hannah montana bone dance,hannah montana bone dance scene,hannah montana bone dance song,hannah montana bone dance episode",1,22285264,269930,0.0,PT54S,hd,public
HELP Herobrine Farting Zombie Girl (Bones - Imagine Dragons) #herobrine #bones #minecraft #shorts,NSxYPdwP8p0,Mine Monster,UCPGwiGNDD7QiTAvzUR-Z-nA,2024-01-08T00:00:09Z,HELP Herobrine Farting Zombie Girl (Bones - Imagine Dragons) #herobrine #bones #minecraft #shorts,,1,14050795,307324,242.0,PT27S,hd,public
Imagine Dragons - Bones (Live In Vegas),HQEhYwo6KOw,ImagineDragonsVEVO,UCpx_k19S2vUutWUUM9qmXEg,2023-07-28T04:00:13Z,"‚ÄòImagine Dragons Live In Vegas‚Äô, the album is out now: https://ImagineDragons.lnk.to/LiveInVegas 
 
Watch Imagine Dragons Live In Vegas on Hulu: https://www.hulu.com/movie/imagine-dragons-live-in-vegas-aea0c966-0a48-4446-8ffd-f59d3bac9314
 
Play the Hulu Imagine Dragons: Live from Vegas Experience on Roblox: https://ImagineDragons.lnk.to/roblox
 
Imagine Dragons ‚Äì ‚ÄòBones‚Äô https://ImagineDragons.lnk.to/Bones
Watch the official video for ‚ÄòBones‚Äô: https://ImagineDragons.lnk.to/BonesVideo
 
Shop Imagine Dragons: http://smarturl.it/ImagineDragonsShop
Sign up for email updates: http://smarturl.it/ID_Email
Listen to Imagine Dragons on Spotify: http://smarturl.it/ID_Discography
Catch Imagine Dragons on tour: http://imaginedragonsmusic.com/tour
 
Follow Imagine Dragons:
Facebook: https://www.facebook.com/ImagineDragons
Twitter: https://twitter.com/Imaginedragons
Instagram: https://www.instagram.com/imaginedragons
YouTube: https://www.youtube.com/imaginedragons
TikTok: https://tiktok.com/@imaginedragons
 
‚ÄòBones‚Äô Lyrics:
 
Gimme gimme gimme some time to think
I‚Äôm in the bathroom looking at me
Face in the mirror is all I need
Wait until the reaper takes my life
Never gonna get me out alive
I will live a thousand million lives

My patience is waning
Is this entertaining?
My patience is waning
Is this entertaining?

I got this feeling yeah you know
Where I‚Äôm losing all control
Cause there‚Äôs magic in my bones
I got this feeling in my soul
Go ahead and throw your stones
Cause there‚Äôs magic in my bones

Playing with a stick of dynamite
There was never grey in black and white
There was never wrong till there was right
Feeling like a boulder hurdling
Seeing all the vultures circling
Burning in the flames I‚Äôm working in
Turning in a bed that‚Äôs darkening

My patience is waning
Is this entertaining?
My patience is waning
Is this entertaining?

I got this feeling yeah you know
Where I‚Äôm losing all control
Cause there‚Äôs magic in my bones
I got this feeling in my soul
Go ahead and throw your stones
Cause there‚Äôs magic in my bones

Cause there‚Äôs magic in my bones

Look in the mirror of my mind
Turning the pages of my life
Walking the path so many paced a million times
Drown out the voices in the air
Leaving the ones that never cared
Picking the pieces up and building to the sky

My patience is waning
Is this entertaining?
My patience is waning
Is this entertaining?

I got this feeling yeah you know
Where I‚Äôm losing all control
Cause there‚Äôs magic in my bones
I got this feeling in my soul
Go ahead and throw your stones
Cause there‚Äôs magic in my bones

There goes my mind, don‚Äôt mind
There goes my mind
There goes my mind, don‚Äôt mind
There goes my mind
Cause there‚Äôs magic in my bones
 
#ImagineDragons #LiveInVegas #Bones

Music video by Imagine Dragons performing Bones (Live in Vegas). ¬© 2023 KIDinaKORNER/Interscope Records

http://vevo.ly/bD8Bhl","Imagine,Dragons,Bones,(Live,Vegas),KIDinaKORNER/Interscope,Records,Alternative,Imagine Dragons,Live In Vegas,Imagine Dragons Vegas,Imagine Dragons live album",10,11907895,88423,1512.0,PT3M56S,hd,public
Why Do Dogs Like BONES? ü¶¥,C5wErvTWEdc,Mindspark,UCHwskbAT_sB64VeSL-9FGcw,2024-03-26T19:00:05Z,#shorts #viral #dog #bones #animals,,24,11866052,582351,1106.0,PT14S,hd,public
How do you make a Plastic Cast for Broken Bones? üè• Maddie's Do You Know? üë©,r7NNrBR0wy4,Maddie's Do You Know?,UCgQwWhhQskoE_8VrxoHr3EA,2020-02-22T09:00:13Z,"Maddie visits the plaster room and shows how a cast is made by having one put on her arm. She uses a special microscope camera to reveal how the fibreglass strands are woven together to make the cast strong.
üë©Join Maddie as she finds out how things work!
As seen on CBeebies: https://www.bbc.co.uk/cbeebies/shows/do-you-know

Maddie's Do You Know? is a series for young children in which sees Maddie Moate explores the workings of everyday objects, by asking how they are made or how they work?
#MaddiesDoYouKnow #DoYouKnow #WithMe","üë©,maddie moate,maddie's do you know,do you know?,how to,cbeebies,moate,do you know full episode,how does,How do you make a Plastic Cast for Broken Bones?,üè•",27,9795217,1061,,PT1M46S,hd,public
‚ÄãShadow and Bone | Official Trailer | Netflix,b1WHQTbJ7vE,Netflix,UCWOA1ZGywLbqmigxE4Qlvuw,2021-03-30T12:00:00Z,"There are no others like her. And there never will be. Get ready to enter the Grishaverse. Shadow & Bone premieres April 23, only on Netflix.

SUBSCRIBE: http://bit.ly/29qBUt7

About Netflix:
Netflix is the world's leading streaming entertainment service with 204 million paid memberships in over 190 countries enjoying TV series, documentaries and feature films across a wide variety of genres and languages. Members can watch as much as they want, anytime, anywhere, on any internet-connected screen. Members can play, pause and resume watching, all without commercials or commitments.

Shadow and Bone | Official Trailer | Netflix
https://youtube.com/Netflix

Dark forces conspire against orphan mapmaker Alina Starkov when she unleashes an extraordinary power that could change the fate of her war-torn world.","Amita Suman,Archie Renaux,Ben Barnes,Calahan Skogman,Danielle Galligan,Freddy Carter,Jessie Mei Li,Kit Young,Leigh Bardugo,Luke Pasqualino,Shadow and bone Netflix,Shadow and bone trailer,Simon Sears,Sujaya Dasgupta,grishaverse Netflix,shadow and bone date,six of crows Netflix",24,8677523,152548,8562.0,PT2M56S,hd,public
What's Inside Your Body? ü¶¥ Let's Learn About Bones! #learning #kidsvideo #cartoon,ZkwrhtFoNLQ,MEOWJI,UCZ5FV000uOKva7-9p34bVQw,2025-04-27T10:01:01Z,,,26,21847381,96550,0.0,PT25S,hd,public
'Brian's Hat' Full Sketch - I Think You Should Leave with Tim Robinson Season 2,LO2k-BNySLI,Netflix Is A Joke,UCObk_g1hQBy0RKKriVX_zOQ,2022-03-26T21:21:21Z,"Oh my God, did you see Brian's hat? Watch the full sketch of 'Brian's Hat' from Season 2, Episode 3 of 'I Think You Should Leave with Tim Robinson' streaming only on Netflix.

Subscribe: https://bit.ly/2Kncxw6

About Netflix Is A Joke: The official hub of Netflix stand-up, comedy series, films, and all things funny ‚Äî curated by the world‚Äôs most advanced algorithm and a depressed, yet lovable, cartoon horse. Their unlikely friendship is our story‚Ä¶

About Netflix: Netflix is the world's leading streaming entertainment service with 222 million paid memberships in over 190 countries enjoying TV series, documentaries, feature films and mobile games across a wide variety of genres and languages. Members can watch as much as they want, anytime, anywhere, on any internet-connected screen. Members can play, pause and resume watching, all without commercials or commitments.

Connect with Netflix Is A Joke:
Visit Netflix WEBSITE: http://nflx.it/29BcWb5
Like Netflix Is A Joke on FACEBOOK: https://bit.ly/2xD5zfu
Follow Netflix Is A Joke on TWITTER: https://bit.ly/2N6ENkx
Follow Netflix Is A Joke on INSTAGRAM: https://bit.ly/2VTQcxu","brian's hat,brian's hat insider trading,brian's hat tim robinson,i think you should leave,i think you should leave brian's hat,i think you should leave insider trading,i think you should leave s2e3,i think you should leave season 2,i think you should leave season 2 episode 3,i think you should leave sketch,tim robinson",23,8252213,82903,2711.0,PT4M27S,hd,public
The Boys Season 3 ‚Äì Official Red Band Teaser Trailer | Prime Video,elTgqUW-NYE,Prime Video,UCQJWtTnAHhEG5w4uN0udnUQ,2022-03-12T17:37:28Z,"Waiting for June 3rd? Check out The Boys Presents: Diabolical, a collection of eight wild and shocking animated shorts set in the world of The Boys. 

Now streaming on Prime Video: https://www.youtube.com/watch?v=LO8mSkbppE4&t=1s

¬ª SUBSCRIBE: http://bit.ly/PrimeVideoSubscribe

About The Boys: 
The Boys is an irreverent take on what happens when superheroes, who are as popular as celebrities, as influential as politicians and as revered as Gods, abuse their superpowers rather than use them for good. It's the powerless against the super powerful as The Boys embark on a heroic quest to expose the truth about ""The Seven"", and their formidable Vought backing.

About Prime Video:
Want to watch it now? We've got it. This week's newest movies, last night's TV shows, classic favorites, and more are available to stream instantly, plus all your videos are stored in Your Video Library. Over 150,000 movies and TV episodes, including thousands for Amazon Prime members at no additional cost.
 
Get More Prime Video: 
Stream Now: http://bit.ly/WatchMorePrimeVideo
Facebook: http://bit.ly/PrimeVideoFB
Twitter: http://bit.ly/PrimeVideoTW
Instagram: http://bit.ly/AmazonPrimeVideoIG
 
The Boys Season 3 ‚Äì Official Red Band Teaser Trailer | Prime Video
https://youtu.be/elTgqUW-NYE

Prime Video
https://www.youtube.com/PrimeVideo

#TheBoys #PrimeVideo","the boys,the boys series,the boys prime,the boys prime video,homelander,starlight,butcher,billy butcher,antony starr homelander,soldier boy,action,action show,superhero,super hero superhero show,action show prime,superhero action,antony starr,jensen ackles,karl urban,erin moriarty,sci fi",1,8252002,214501,7445.0,PT1M47S,hd,public
"Imagine Dragons, JID - Bones/Enemy (Live From The 2022 American Music Awards)",0QRVXnZkr1Y,ImagineDragonsVEVO,UCpx_k19S2vUutWUUM9qmXEg,2022-11-22T00:01:16Z,"Music video by Imagine Dragons, JID, Arcane, League Of Legends performing Bones/Enemy (Live From The 2022 American Music Awards).¬© 2022 KIDinaKORNER/Interscope Records","Imagine Dragons,Bones,Enemy,JID,J.I.D.,AMAs,AMAs performance,Dragons live,rock music,live music,American Music Awards",10,7542866,175730,3684.0,PT5M6S,hd,public
Breaking ALL 206 BONES As a PRO SKATEBOARDER!,TEbWC1UmcpY,Caylus  ,UCVAYy7_zddIx6USjXscV9Vg,2025-09-09T17:49:44Z,"üéØ Play Waterpark Simulator NOW - https://store.steampowered.com/app/3293260/Waterpark_Simulator/
üåäCOME HANG OUT WITH ME IN THE DISCORD. I am there now! - https://discord.gg/waterparksimulator

*Caylus Plushies*  https://shopcaylus.com/

üëçüèª  FOLLOW ME - 
https://www.instagram.com/caylus/
https://twitter.com/Caylusq
https://www.tiktok.com/@infinite?lang=en

üëæ Join my FAN DISCORD! - 
https://discord.gg/infinite

Have you subscribed yet?","infinite lists,infinite,gta 5,caylus,gta 5 caylus,gta 5 mods,caylusblox,caylus roblox,caylus infinite,caylus horror,caylus vr,caylus gta 5,caylus tomo,skate 4,caylus skate,caylus blox,caylus steal a brainrot",20,6969106,103466,1729.0,PT13M32S,hd,public
The UnXplained: GIANT SKELETONS Found In Wild West Cave (Season 4) | History,zbljB5l9kCE,HISTORY,UC9MAhZQQd9egwWCxrwSIsJQ,2023-01-29T19:00:26Z,"Abnormally large human skeletons have been found deep in Lovelock Cave. See more in this scene from Season 4, Episode 20, ""The Weird Wild West.""

Watch all your favorite episodes of The UnXplained, and stay up to date on all of your favorite The HISTORY Channel shows at history.com/schedule.

#HISTORY #TheUnXplained

Watch more The UnXplained on YouTube in this playlist:
https://histv.co/UnXplainedYT

Find out more about the show and watch full episodes on our site:
https://histv.co/unxplained

From the producers of Ancient Aliens and The Curse of Oak Island comes The UnXplained, a one-hour, non-fiction series that explores the world's most fascinating, strange and inexplicable mysteries. Hosted and executive produced by Golden Globe and Emmy Award-winning actor William Shatner (Star Trek, Boston Legal) each episode will feature compelling contributions from scientists, historians, witnesses and experiencers-each seeking to shed light on how the seemingly impossible actually can happen.

Don't miss a video! Subscribe NOW: https://www.youtube.com/@HISTORY?sub_confirmation=1

ABOUT THE HISTORY CHANNEL:
The HISTORY¬Æ Channel, a division of A+E Global Media, is the premier destination for historical storytelling. From best-in-class documentary events, to a signature slate of industry leading nonfiction series and premium fact-based scripted programming, The HISTORY¬Æ Channel serves as the most trustworthy source of informational entertainment in media.

FOLLOW HISTORY CHANNEL:
Watch Full Episodes: https://www.history.com/videos
Sign Up For History Emails: https://www.history.com/emails/sign-up
Browse Topical Videos: https://www.history.com/topics
Facebook: https://www.facebook.com/HISTORY/
Instagram: https://instagram.com/history
TikTok: https://tiktok.com/@history
X: https://twitter.com/history
YouTube: https://www.youtube.com/@HISTORY

Copyright Notice: This video and my YouTube channel contain dialog, music, and images that are property of The HISTORY¬Æ Channel. You are authorized to share the video link and channel, and embed this video in your website or others as long as a link back to our YouTube Channel is provided.

¬© 2025 The HISTORY¬Æ Channel

The UnXplained: GIANT SKELETONS Found In Wild West Cave (Season 4) | History
https://www.youtube.com/@HISTORY/","history,history channel,history shows,history channel shows,the unxplained,william shatner,history william shatner,history unxplained,The Weird Wild West,season 4,episode 20,GIANT SKELETONS Found In Wild West Cave,abnormally large human skeletons,Lovelock Cave,unxplained,watch the unxplained,unxplained full episodes,unxplained episode clips,unxplained scenes,the unxplained zone,aliens,monsters,ufos,giants,are giants real,were giants real,giant humans,big",24,6790068,62743,6171.0,PT6M50S,hd,public
Sticks and stones may break my bones but Hitman Holla would SMOKE me üò≠ #WildNOut #Shorts,rlMYCIwsVwg,Wild 'N Out,UCrkzfc2yf-7q6pd7EtzgNaQ,2023-04-10T12:45:02Z,"TURN UP! Wild ‚ÄòN Out is now streaming on Paramount+ üôå http://www.paramountplus.com/?ftag=PPM-05-10aeh6h #ParamountPlus 

Subscribe to stay updated on the newest content! http://goo.gl/YuLQAo

Want even more Wild ‚ÄòN Out? We‚Äôre pulling up to a city near you. Grab your tickets here üëâ http://livemu.sc/WildNOut2020

Get ready to take your Wild ‚ÄòN Out obsession to new heights cause WE JUST DROPPED MERCH üëâ http://bit.ly/3841mRL

More from Wild 'N Out!
Official Wild 'N Out Website: http://www.mtv.com/shows/nick-cannon-presents-wild-n-out
Wild 'N Out Twitter: https://twitter.com/wildnout
Wild 'N Out Instagram: https://www.instagram.com/mtvwildnout/
Wild 'N Out Facebook: https://www.facebook.com/nickcannonwildnout/

Nick Cannon Presents: Wild 'N Out delivers lightning-fast improv and head-to-head battles, helmed by the master of ceremonies, Nick Cannon. The stakes are high as teams face off in a series of visceral, hip-hop-edged comedy showdowns, all culminating in a rap battle for the championship belt.","WNO,Wild,Out,Nick,Cannon,Justina,Valentine,Timothy,Delaghetto,Darren,Brand,DC,Young,Fly",24,4519641,315842,2137.0,PT43S,hd,public
