channel_id,channel_title
UCkxq9vp3ljkgWVpQl3-N-QA,  @Any_one_0
UCbkrU2bXBZKF4u3m3IIVFlw, Hakawy Aflam
UCyjuFsbclXyntSRMBAILzbw,2CELLOS
UCGJQGA7ed-z2TOscI75lL8A,7sn
UCQg-41ZXA8UtpNIXIyIxZ4w,AFI EDITZ
UCf3MPeab1ibqdRrZmcc18Rw,AKAY-47
UCKV9Lecs_11qj99T7Xw3GLg,AKO BAND 
UC9WyI5FC-7pbVZtqXg-sN3w,AN_editz
UCqHtHTOPReBYQW5zVQ29wRw,AYIMAA
UCkTjDYHyC0IdPZd8-sZ1OLw,Aarush
UC1R2q_TrFkCJvDBucYdRMPg,Abandoned Films
UCkTTAhRd9z76VF7qLvJwd7w,Acoustic Sessions CO
UC9WdXLQlDbpP6V3EMJDTD5A,Action Flixs
UCBtLbs7x8GD5fPEJKh13AhQ,Actor Evolution
UCkYjfXN9rL65GChNAcwY3DA,Actress Evolution 
UC64GNdGx3COQgPA86b8U4ow,Adi
UCwTtPMWhC25Pu0pxcs1sqEg,Akay EditX
UC_TOarJhHXmJR9GRXNoppog,AllAboutSeries
UCveZqqGewoyPiacooywP5Ig,Alt Shift X
UCfR8HhkbpDAwvYxrecNg4Mg,Ambient Worlds
UCO9GH0Lob2T2wwXdUPupjOQ,AnneSoshi
UC0YHknp62SgvbihfT_H_IUg,Ant√¥nio Marcos - SHORTS e DICAS 
UCPI16yX2fOpvAVtFHbb-2rA,Anything
UCpysHz1gDy_rFBXPkjjkvjQ,Art by Zied
UCiT3ruITc84AkL3UlKJzlpg,Azure
UCaMwiOYillj6MzUcEi9XoKg,BagOFromage
UCe_GvjAfrWWUoVtQTnXbwSA,Battler Evil
UCx-dJoP9hFCBloY9qodykvw,BazBattles
UCvpfclapgcuJo0M_x65pfRw,Beebom
UCWQR3-PjtF9PBknkYHShEsQ,Blazor26 (Blake Ezor)
UCTsXCutIWbrALYU2cXjcPhg,Bloomtimevideo
UC6gETE9nSxvvRwUMFxBQgiA,Bohemond
UCnma02Iu2iit5tVxKmOrzXg,Boschmerchant
UCHuzWW8gGpEpcDWQMJk8SuA,Break of Reality
UCKl7kTBI84rrpdjl0wPTk8Q,Bubuskull
UCmRbHAgG2k2vDUvb3xsEunQ,CNBC-TV18
UCI8Rmn9Oyc-1wP28WDBZlww,CYBE
UCmPw17wOhphzI0ShH6WOESg,CaglarTekin
UC9MQp8a5uhaIosZPHaoqEXQ,CallMeShazzam TECH
UCgzUhtPE9MMy1v7dhYPYiCQ,Celeb Culture
UCXrqXhs2VLY2dh-Z25qM8fg,Chris Kesner
UC-zET6wimR0qvDxH4L6Vxzg,CineCut
UCkJavuKkIDAUVsfKr1Vblsg,CineMate Media
UC60lVQfuQzv1-38pQehB-_Q,Cinema Secrets 1986
UCjbXMiJWf1d_Y7_Mn_zPUVw,Cinema Visuals
UCq-O4Sq5kfgFgJN2jcgo8hw,CinemaBlend
UCm3U3uFVWTjEfqRSJVB2caA,Clarissa Tamara
UCDPM_n1atn2ijUwHd0NNRQw,Coldplay
UC4qGmRZ7aLOLfVsSdj5Se2A,Collider Behind the Scenes
UCKQ5Jj35sjTmJigRtlCPhVQ,ComicVerse
UCXsFBniFquF5yLTFIl5XnXg,CompFlex
UCQVCE6Wgv-nGTsBUVq3ffAg,Content3.0
UCQd4Yt8gPsP-c4L60txghDw,Corsar
UCjc3_T9VShyXg_l7zyRNR_Q,Culture Vulture
UC8pec8KpMUg92hj9UtiMZSg,CuriousWhale
UCWj6zkMavSUOIlxRXhKPNDA,Cut To The Cast
UCaLX8XMNQYkWAZkH8ibVXMw,Cutting down 66
UCNE38lXCkx7qGI_ZSOP6LcQ,C√™ T√° Ligado?
UCGtAoge4_OloSgbXMyoh5vw,DR Koncerthuset
UC0nuTcXzPj90SOk_byYa26w,Daniet Cinema 
UCGqsOcmOzo3Cq3HnKDJpy6w,Dankius M. Meme
UCj6x7etIZGZbtf5WgfTIENQ,DarkCinerev
UC2mtaoNbGT-9M_V8Po8X1Pw,DavidxAm
UCzNSiAp0MEjAtlEgeYALLVg,Deadpool Di√°rio
UCZ2V1c0aUuopC9ja08i4X2g,Definitely Not a Potato
UC7xYUD9BpBkivBIOJJBEGYA,Deleted Scene Clip
UCrFzWOlblYZutchNkpKK4Ww,Deƒüi≈üimin G√ºc√º
UCegeK9n96PSBemCvxLrL7XA,Direcci√≥n EOC
UCPHzAcg5sT62cO5hgAeTpVg,Dish Podcast
UC4MVnx1j4ormF-Fo1S8tIjg,Don Preziosi
UCqb7wAIsU5WpxGNYN3U4D1Q,Drew Gameplay
UClmwUwPrmtNoW3zc9yfPjDQ,EFI_GAMES
UCiWLfSweyRNmLpgEHekhoAg,ESPN
UCaB89q1cmSXqufIFVV7rTMg,Eca GoT Squad
UCFTYWozKQwfWMmAfnodfoCQ,Educational Extract
UCt_4wzTQqmcUvemNkeO0plA,Ei Nerd
UC1UlZqTlIZmuODzlp6q6B0A,ElComanchero
UCxM6WxvNXH_FM7Ez1Y2uHPA,Elvis Menezes
UCdtXPiqI2cLorKaPrfpKc4g,Entertainment Tonight
UChw7cq6qXvJXwOyMznuh2ww,EpicTide
UC4aSWqv59Pz-3WL57Qb-kjA,Eshan Denipitiya
UC3dWWSBtpODq-4QLm51EE5g,Eterno Replay
UCoZdAytRZ05-zOtOxb0JqSQ,EvilSmile
UCurHnY2uGGxazkbc8PxFvFA,Exploring With Cody
UCSRAX2Q_DZ0MDqFZcJqGSBw,Expresso Cinema
UCMxzswDcgiHgQbtgbJ_89Bw,FactWorld
UCwUx8Uc8mqkn1MHN8Gkb8rA,Faisal
UCN-3OtGgashwcRmLMOHgTrg,Femme Flex
UCI7fys0WM62xF2jUlUdq0XQ,Fender
UCnJ43zyhC0L0YEjsFhjzdVA,Film Then and Now
UCEakdPLL42qApJnoeWCwo2Q,FilmSelect Espa√±ol
UCOXV2tchaz7QZmia3aAQj3g,FilmXPro
UCsaoYBUHz_lVB_dOmFwA9Zw,FilmiBeat
UCSfX46ITn6ZvpukDVK_oWhw,Filmpalaver
UC_i8X3p8oZNaik8X513Zn1Q,FilmsActu
UCPD_bxCRGpmmeQcbe2kpPaA,First We Feast
UCtiHhx_O_tyS65gJ1h5qy7A,FirstCuriosity
UCZRhcJl7NiJ2UMwa8if-v-g,Flowcast
UC91WXclqnoHVzybA0Ds0Oaw,Follow The Stranger
UCz8KBcDric5H83WAhVZ7PQQ,Forged in Fire
UCeE8MFD3anPUcWvLROBJuCw,Frame By Frame Fiction
UCa3lOSIh4xc4oMp1LXDrySA,Fredu Korleone
UCzRV_EO1mM7CUhapm3xMSng,FreshNollywood
UCExXSHlzUd4eilWIoAaUfTg,Frowns Upside Down
UCpiLRBQAIDhzuxnDi9Oar4A,FullHDvideos4me
UCJDnQFbog2SIoBhDGxqARgw,FyreClips
UCsEukrAd64fqA7FjwkmZ_Dw,GQ
UCDu2n49PCDeVNDWPLHCpWTw,GS MOVIES Editor
UCLeNR3l2RSTqOiwK4aJoOiA,Galia Presenta
UCc1ik2sk67WTrC02AI0GaPA,Game of Themes
UCFcW1mwKt_ESIX1jXV4pVHg,Game of Thrones DDL
UCDDhSkNg2g0iCb2Ow0zu86g,Game of thrones
UCRgUg0jJUgGMadGPzzmu8cw,GameSpot Universe
UCQzdMyuz0Lf4zo4uGcEujFw,GameofThrones
UCBv-BR1YBqcF67ou3ogoFXA,George Ashraf
UCY5nGkuALqkKKOVhivryH3A,Gesiel Taveira
UCkVh0lMLfdPhqVa9IA3zQ-w,Giorgi Mantidze
UCx6FUi5hHm78HPslucrVAcA,Glidus
UCE8g-MRyJbGevaOo-Y8NNMg,Goodbye Rhaenyra
UCHTjCGaWgjUQTw-8Hg7c7KA,Got Cast
UCUY53BLSG2J1WHFdVL9yGMg,Greekmythologist
UCWLXY-wPXFHlSjGku35n9gQ,GrimDontGiveAFuck
UCpNVfhGUpugBX3ovElrJPZA,HAKIRAH
UC09GemGjss3hPdljwtJ8TPA,HAUSER
UCVTQuK2CaWaTgSsoNkn5AiQ,HBO
UCx-KWLTKlB83hDI6UKECtJQ,HBO Max
UCR7ZwQz60rW9dK59Dirdc8w,HBO Max Brasil
UCvKNUBfNKrwNWlWgd31Bilw,HBO UK
UCC-jQXxCAUyKA-nV-AyT1Jw,Hal Leonard Orchestra
UCMQIfPY46gt92j5aD2GmVmg,Hamza Minhas
UCbeaHds31FqoAZ6aRb_55PQ,House Of Black Targaryen
UCzMPJ8OH7kY73mxgxY50hyA,HowMuchMoneyTheyMade
UCBMAlbw09Z4oGqK7x4CvCFg,HulksTights
UC9HZnTmxfyyB0XXIUSpPKSw,HushHodor
UCWI1-aH8sX40bXTBiypSZhQ,I Luv Video 
UCSwK9LeKPFa0kC_OiiVzREQ,IDEA GENERATION
UCKy1dAqELo0zrOtPkf0eTMw,IGN
UC6CXcNMbWakeINaiHvA2LKg,Imperial Orchestra
UCLD26yx9iv6Soat42aqBj4Q,IndecisiveShow
UC_BXQ5N7G3_Ob9A1loOH2fw,Internet Creeps
UCOAmeU3RETaPoaZZwhsYDtg,Introuvable Editz
UCLz6B7LxOdwgHbcgFi_hpQQ,Iro Sef
UCT1bAtVUqXJBIG8P2OCkW3w,Isso n√£o Vende
UCtuBGFNFtbdaeZXCsT-J_-w,ItsMeMx
UCle6RfToqnLNhoMRxnRubSQ,J. Camacho
UCNJ5fgtJDQorXIa89VOtoaQ,JDanime
UCs0ckYLO1mgl-PWy0UfBG4Q,JJ-GOAT
UCMlLzlRwL4WWDTaTfna6Zlw,JarToon
UCzatSaobI9a4ickIuUMjQ9g,Jaydone Films
UCa6vGFO9ty8v5KZJXQxdhaw,Jimmy Kimmel Live
UCB4Ea-In8ophdMcZjCi1hdw,Joan d'Rock
UCGyEnju4WJyvzTOTEDnH5cA,JoeySpesh
UCh6YPseyE3Zmo1MmYLXM7wA,Jonen Shump
UCZrf8QiWShCDkWd_kwt1L5g,KD Esler
UCFMjkrMT7Gvg84v0av-DIwA,KSHMR
UC462xgeoawBJ1vsYZnrxnzw,Kawwitan
UCNFnyChvse46M-Oj13vaCbQ,Ketan Babbar 
UCEhwNwdlJLYT3M_-yiCDgLA,Kick Flash
UCAoVehLIkKDmRpt4tNdZieA,Klaire Reacts
UCv-9KiwnYuI4-mCb5G5WJDQ,Korth
UCcp3CWFPN729CbY38zTCZyQ,Krissi
UCvZTeYqB6mqphj5bPt3Urwg,LEVY
UCHMmb-L-6gcswYkT822W-Pg,Laura Platt
UCvw9Tw4Q3jZfq_LaWYdvIFA,Licha Reacts! 
UCoT-4L6J-swASsZKcoJJp0Q,Limit Break
UCQAuKmeeAR31_J6IYlG00nw,Living the Dream
UC6_uLdHZRKzKIB6Ae_E4DjQ,Locked On Mavericks
UCP1iRaFlS5EYjJBryFV9JPw,Looper
UCQ70ZPKqy4dU1XknFkVH86w,Lore Ramble
UCGBFRcVa7bF25lMARZu_CfQ,Lori
UCJ2ZKWXlulmt1CphGpknx1A,Lost Era Films
UC3-yoj6hHu7sslBbIgp1-uQ,LoveClips
UCTIV25_lzSVS--h_XFJwUxQ,Lucas Produ√ß√µes
UCrhcLsD5ZT492RHkiUe4ziA,Luna Life
UC6T1KP5D6yev8N20Fv9HGYg,MAKSIM
UCZCWEzGsN3OiJjqiEE7I4YQ,MARIYA MAKHVITS üéª
UC3GnnapGy9KKZzRWfIkfH7g,MEYON Edit 
UCvwHpRGAqBRpcJnCPsT5RFg,MSFM STUDIO 
UCm0SaH1GWNp-AIq-WE_yhTQ,MadCloak
UCCs7AUvMI__sHcma1bi4FYw,Maestre Alex
UCTFudzu0dUatBTpkMtK_Z8w,Maher Mosly
UClDtMswg3muouH60XTKlVEw,Mansoor Ali Khan
UCmchx6agxzm0VeQhYJxbswA,Marvel HDR
UCG_wk7FiKFkei6xr88F63Fg,Masoud Khosravi
UC8xDPIKquCHQGz-2yrqlWPQ,MeeHoonKway
UC9CROGyC9hgIB1mnBuMpeoQ,Men of culture
UC2KS7d-AX_qTnazWE1Ey9tA,Mestre Thibaut
UCCzzczESZhBdKrKKsgMT-RQ,Mic hog
UCPFExZQHwSzmrAzUs8r9mKg,Miles M.
UC4s_BSYTIjINnxyWcbfk3IQ,Miss G
UCz5YN8d4pUcKNa9uZIeyuMA,Miss_GOAT
UCJuAvdl8awzqM8F8oA0764w,Mister Assertive
UCfqOWsqtS-Coor3IkDe_7Og,Mister Portrait
UC2rUTDaJxhLINtvUVyvbswA,Mix Culture
UCZbQIqrCkbTUMwu9hcJVgoA,Mohamed Galal
UCh9YKxyyQKj2vvijs760UrA,Monkey Reviews
UCzAua9bPiQY8WhIhLtekIKQ,Movie Munchies
UCwBV-eg1dAkzrdjqJfyEj0w,MovieGasm‚Äç‚Ä§com
UCDuhTmjTK_SXauI-YXV8lQQ,MovieStarBytes
UCn9WJq2dhzyHXTFqlCtW6Og,Movies Runner
UCftjw_qzZkSMLl-tBZ99-BQ,Mr Tamilan SERIES
UCZRjM_e8AfTZ-8rLvb8wPDQ,Mr. Alex72
UCPAqHLrEXrRKAWPi7n6OTJQ,Mr. Anybody
UCdjFBrheXKIbW3kalHlWP0A,Mr. Nobody
UCbZZO-9vSj5m9krU2QGQ0sQ,Mynx Media
UCC2lbKruS3-22iTD_1fe_MQ,NXCRE
UCwbuBWSQMwk0B0JIMyssFUA,Nateflix
UCHyt6whzbCcG18q3m4ws6jw,Nerdkultur
UC7cMVXOoR4rVVs3rWTpO4bw,Nihaal Edits
UC89LdDnbGipnpVLOy_9XkpQ,No Time
UC2L8NlDTk6ymBx1KWfK4c5A,Now Film
UCzcRQ3vRNr6fJ1A9rqFn7QA,ONE Media
UC2eb58Gxb613nJDjpuwWmgg,ONE Media Brasil
UCQfKpN66UN8d5Z15gFV9PGQ,OSSA
UCn14ji32PJ103D00mWEKxuQ,Ocean Clips
UC2rioA4YYH4kv2PQOXnpW7Q,Omaze
UC4wXu8RFeiiybmmysfQE9Ng,OmniFactum
UCqTa3sNT6SfiQ2DQK_kuWlA,Oneindia News
UCaGwcr1VJBvwL3XHWclssJg,Open Analitica
UCjdvPP6bIMctgtP4fa7XXvA,Outstanding Screenplays
UCvvzTrhY0gyidL9rip7jEaw,Owl's Tale
UCts9lFixyOqwhGCEbXErPwA,PHianonize
UCk-FdfjBvGn6mEddde-Y5hg,POP CORN
UCkRAYhL-9bujxcVie5C0wpQ,Parthedits
UCKzyL7C5l6Tp0yipmYCeUjw,Paul Chapel
UCCqEAb79KMpXU-RhSKukTEg,Pawn Media
UCwYcHrcdPFEm8lJl7zjCIOg,PearlDavis7242
UCrjfiKYdLxhPV7Uodd-Z8Ug,Petaaz
UCtHhtnum-35K2iUdaYFlk0Q,PiscesRising
UCn1xtOr2wHQwYTxO_KTkqNg,Popcorn In Bed
UC7VoSnY2KeUgY6Qsp99wo_A,Prapuljain A S
UCrRJQFk3CUfXVI8sBYQIE3A,Project Senpai
UCRPvivMH4h_qQUfAqMAK1iQ,Publicador
UCAfYBslQRzdzVhmKb4B6Uyw,Qamee Explains
UCavMvO243dOzvPI6y36MRjw,Rassant
UCLm4s_NIoSlLARpSFU1Kmxw,Raygon
UCCq1QzuHgZFqgz8UFGPb93A,Real Heroine
UCEJvdideawWPc2ZQpXwv52Q,RealEmberCourt
UCnFL_hmp-nc-l2QlLzxZdhg,Recap & Chill
UCmhYfgWfBF8qjGvjQDcW4bg,Recap Blade
UCU_REvsJ_MaNSgqkEhAGSlA,Reel Realm
UCuWpVnu3aNGjCDq2Li0VujA,Reel Revolution
UCc4ocuiRsQbsEHhfL3NoJZQ,RikudoTM
UCkzdiGndnZ0w9gS-d_SoI3w,Rique Morais
UCjT3WfzAkYhKqbOBC0A-OHg,Rishab Rikhiram Sharma
UCmkkOHusRN9OPSt3C-OxJ7g,Robert ≈Åajka Foto Video
UCh8F-YqslSYlnpJzdZS8HzQ,Rocket Riley
UCzsynbVpUTeAe1aqYT1jQug,Rose snow
UCwVm3bpX6G6XosqDYMJauAA,Rotina At√¥mica
UC1YKrZ5n3vmFXRR4IMLclMQ,Roxil Rib
UCZvetmGleeCfIzffI842x3Q,R√©max
UCw-L3P1NatiqUFLC3Tq-Qbw,S L E E K
UCPuKO_kgT-wIKYNXvROA0og,SCENES INFINITY
UCZYj2urhv9xqJ9-SRzTZv5g,SRS EDITING 
UCa4lcfIHwCV_Pyu8trzYARg,Saga Lore AI
UCheGHQ_WUcWnyqMxyuUQKRQ,Salsa Classic Chow
UCcMWVUsLsO8hQEi0opv3y9g,SammmmyGee
UCuoKuTCQ9dmPIgOgyLm9HgQ,Samuel Kim Music
UCLhvhghxFr3v0tG_FJkWdJA,SandD2012
UCN4H5V4fQablTIwXaOP7kuQ,Sapphire
UC4GQkD2bc1KyvLdkJ_MIKyQ,Savage Skull
UCz6-fXx8h_0T-UJZoogjrJQ,Scream Focus
UCPtSR6fdSGBE2cv0qSDHz6g,Screen To Reality
UCb2PWELhpK1tNzrNWlUQ4Ew,Screen Whispers
UCqdpcU3oV3J9yehddCg2kcQ,ScreenMusicSync
UCv1cFr4ymBfWl4i2LGJ_yMw,Sean TankTop
UCoookXUzPciGrEZEXmh4Jjg,Sesame Street
UCZyU4hTDATi2L9m6r5xB_pw,Seven Kingdoms Stories
UCBCMWtxa7-WeeJPAh4viN-w,ShoelessSparrow
UCW0ko6ccgxW770idHqgl0Ng,Shorts √âpicos
UCW5xUjY0Tq__GBfx7BWQt1w,Silva Screen Records
UCGkX_HCD_T5XOwxi_KR6YoQ,SonySoundtracksVEVO
UCmRe_hOfMppsUfoW1_b3Eiw,Sorta Stupid
UC8O1NudtqtmoVr9azpTSSqQ,Soul Tomato
UC6w_4AKo_3-BizcD77TK3WQ,Stamped History
UCSVoXvJyvHWLzRj2oqTFYcQ,Star Gazing
UC4sEPNOloz6eC-_xMSLh7zQ,Starshow
UCuQ3OOZsc0O5jb2_wvuNtzw,Stone Face Tradesmen
UC-1kx-Bzkq0IRwm0PD0_ezA,Strangers Reviews
UCxeh8J_XV5gQt61k8kMuWCg,Stuff to Watch
UCf5IeA06zjM2s0TMzYeimTA,Sugar World TV 
UCmaIgS49Ojp2-s-IrjXS81g,Sunko
UC2_-rdCXrRB2z9QZZPyn9Zg,Supercut Action
UCg_s1VNrLoV4cFsH9TKXnuw,Supercuts Delight
UCy1O8svOlDOKgw_1eQVevDw,Superhero Action Zone 
UCaLPsdkCUNcQ4iy5XeZh0vA,SynCut_Editz
UCv5NTSGxpN3f4ogSDhEhwGw,S√©rie Man√≠acos
UCtP68hXqvHFDHYv7iDC5nqA,THE SCREEN BEAN
UC6unZbxukCctIheclzRhs0A,THORS
UCm5KTImYhD6Q0ZO7K4PFPnw,Take99 Studios
UC-x4iL-dib6tLIfSD4orfQw,Talking Thrones
UC20sXo8ReewkzNKBFgzVCPA,Tamil Tech - MrTT
UCk40qSGYnVdFFBNXRjrvdpQ,Taylor Davis
UCw7Bz6EHxlnOoBUBlJZCWCw,Te lo resumo
UCi7GJNg51C3jgmYTUwqoUXA,Team Coco
UC8vlDm5xvbxOrCvdu9UNOiA,Techno Ruhez
UCUwBeZlGEAGT8YYK5qrL3eg,Tenz live
UCLrrsKPpGPvQI9GAZsPBIUQ,That Fame
UCReIcnV4jIXxCjDz-GtDAPw,The Beauty Of
UC1YHz0XvIFYssDycsVWk9tA,The Cantey Show Entertainment Company 
UCqTYHSnBUXZamsVcOlQf-fg,The Cosmonaut Variety Hour
UCYWnJRF8gb1vQfGmEHYEKZQ,The Hook
UCmgty7_G3xItsQuJc7dbZtQ,The Lore of Westeros
UCByTundTiWsFsZ0GL5yqj7A,The Movie Fan
UCPIvT-zcQl2H0vabdXJGcpg,The Pet Collective
UCYkVut5oXjFDUgQU6E1yCvg,The Plot Twist
UCOUIsSGwrFY52YctxX0gmEg,The Reviewer
UCYwKayLBXqIJUAnhQiDo2Xw,The Rough Prince
UCfQ3dJMtQxPdsR7yLoJR91Q,The Shiro Bro
UC8-Th83bH_thdKZDJCrn88g,The Tonight Show Starring Jimmy Fallon
UCBYyJBCtCvgqA4NwtoPMwpQ,The Wild Project
UCv8ur16qdXLV7yYdTHzqXCg,TheBlackSheep
UCQvMVTlbd1pFrNpET1g0g3w,TheVtube
UCPpnHHy4veVyaRpUMCr5JXQ,Think Scribble Studios 
UC34Qdd5Z5KN30A8aJ2eIMPA,Think Story
UCAeoHtz1Vy6nVVTJU664Vtg,Thunder boi
UCT2ugfwjwLfcVDyTuToFCVw,Trailer Expo
UCKtG_lXZk4pRJkapfK0eprA,Tu mourras moins b√™te - ARTE
UCakHS066qn75JgauKUHFxCA,Tudor
UCehUxf1EphIIDyHmyK6rOGQ,US Studio
UCuADBmK754YTj24i-ZHlHIA,Ultra BD Edit
UCNVEYa0K6TJd9M4npYibRUw,Unexpected Journey 
UCZn_h4YsrFy1ZjHGK7Z5NKw,Uniquenameosaurus
UCwGCaMcUEzEO_A61qCOeHdg,VKunia
UCDpU4jTacDSOxIONrBafg0g,Valaritas
UCjtWDIyMGAWiv1pcRlTljBg,Valyrian Tales_02
UCgRQHK8Ttr1j9xCEpCAlgbQ,Variety
UCbK1H9ApJtqjmMHUWmwwzmQ,Video Books
UCqZq-MRZi_i5ZaLgnQ-5LIQ,Vin√≠cius TV
UCW5RX-XAfFnVZzKuCOvviNQ,Viral Academy
UCGh8u7FZGg6PMTbOSaY-Etw,Visual Thrills
UCox24l7yUb1RpKjY52gO2Uw,Visual Verse
UCyyq71KptYEZt5-NvH-devw,VisualPizz
UChTjhvhFjfzupviQaGNhIRw,Vocable Brandon
UCNu658uWklg-n2TG5xzdpHg,WTG
UCC1ITDUEGWwss9TbQMgQ_eA,WaffleCams
UCZ0o1IeuSSceEixZbSATWtw,Warner Bros. France
UCIC9NYHIEBZZ4H6BaEhLgcg,WatchHaven
UCaWd5_7JhbQBe4dknZhsHJg,WatchMojo.com
UCGkQCAeRjyP9BpNwVFMaJaw,WaterTower Music
UC__62uOtDXS6rxL9mjYh8aw,Wavesclip
UCM7Srv4mxJejt2NLmumkRRQ,WhatCulture
UCwqY9GjXBdSYeUZiinbFXyQ,Wizards and Warriors
UC3e2l90g8y_xC5mbSuPaQlg,WoT Insight
UCdgcjiWXcQ3FJWHCMZcsrYg,WookieeSnack
UCxP2EQQ2ZS1bUBNhze5Y7QA,World Of Westeros
UCP3YscB9OkBd0U_CYnOMVJw,Xplorepodacstz
UCD3EF3G6oCMsW8o2X3wDb5w,YKSTARƒ∞HNOTLARƒ∞
UC3TspTH4SgdukKUtEA22pXw,Yazhi Social
UCtF51nHkZjDEwriQ8GcfxDg,Yoo
UC5UgRgQdQvNs_vM9fhVwhNw,Yoo Resumen
UCgnJV_Anzykb9ZiMrTFyKRg,Z E L I N
UCHOFSr20rRKNFfPRyrllnTw,ZION Status
UCDjBM_cauztDJhM1Wjzu9ag,ZZCorpse
UCvq3_T6iXZL-XsK1NcWaysA,Zainy
UCdNDTPdyvwYRL5b-SbJ8mBg,Zenith
UCAsd7GTLElJL_VaFOIZN2-g,Zippy R
UCebPTpfUFM2Vc8hA6TfZGRA,Zizi Salimi
UCvPQi51_-7k4pFJTNvvzXnA,[ K~G ] 
UCnDEY7D55qxYs1dUwjAT8VA,aguywhoedits
UCfcwtZhwwO1xBmwemF4jGqA,amseditz1
UCKN1Gzs9yWH0tlBqehareKg,ayhan_afx
UC61AoUwNHPGjoGJtHZvctkw,"cala a boca, thiago"
UCLG0i5xacMb_uKDNSzylGew,chaoticgreece
UCwk6Q6P3DUpTJU1PRolWHgQ,cinema edits 
UCF8Mjqsv--2EmuMrYy_RTbg,deadsilenceedits
UCTghN4pE71SYikcDbbuv5eQ,diefilmfabrik
UCSHMcke7zJ2_SIdrjeuySAA,filmsymphony
UCNvzD7Z-g64bPXxGzaQaa4g,gameranx
UCIlKgdmj5H4RMxW8O0LK9fA,gotworld
UCrnssxBcfkcugodSuSKpl5w,john lescano
UCV52yhhhjed37JkjiQLjftA,kupumpkin
UCfzRb478XTeXx08wPUP6gMQ,leydi r√πm
UC7A7loOIJHwdq9-Kkw3s17A,mojocore
UCxfdoMhR8lNnFB9vioN-Faw,nellydesigns
UCbADzm16fXmMZwWejwpWkEg,neotek
UCJzLU9cVzVSkpkATGJu2nOg,palmtherapysounds.com
UCuEnTJYgfYVebeNUsJ14RHA,sMovies_clips
UCgUadqxmbBf44dEP5QT0xwQ,shahab9595
UCNSJUIuZ-zKsxzRBTnemXXA,short_videos
UClAMd5vgCLxGbrnujgExdVg,t.u.c - TRINCHEIRA 7
UCfBHzStt1o6EWW5j5fhiQDg,tinyraptor
UCqOCV5qHeUun45HRwLUvMxw,ultraviral
UCYPpk99I_cVyAZeKwBSMvGw,ÿßŸÑŸÖŸÑÿÆÿµ | Al-Molkhs
UCqnhZ_RFZHbxtbr4cv16BkQ,ùó∫ùóºùóºùó±ùóØùó≤ùóÆùòÅùòá
