slug,video_id,channel_id,title,reason,first_marked_at
amazing_race,eMg31hMLMJc,UCY4AlDv6wL2qhrX29iwdqAg,2HYPE Amazing Gaming Race!,,12/5/2025
amazing_race,msF-6ksE_Pw,UCY4AlDv6wL2qhrX29iwdqAg,2HYPE AMAZING RACE CHALLENGE!,,12/5/2025
amazing_race,TjNeZROfA-A,UCY4AlDv6wL2qhrX29iwdqAg,2HYPE AMAZING RACE VENICE BEACH CHALLENGE,,12/5/2025
amazing_race,xDHM49Q8TMM,UCY4AlDv6wL2qhrX29iwdqAg,2HYPE Amazing Race New York City Challenge,,12/5/2025
amazing_race,qFqFC56EeJo,UCefranrS3QxTY56-LlushWA,Ronaldo Scores! Epic Soccer Goal and Cristiano's Amazing Race! #shorts,,12/5/2025
amazing_race,QgB0WRo0ewI,UCfzP_CiebRdveD9rRZv5Ndw,THE AMAZING RACE in Disney World -- Episode 1,,12/5/2025
amazing_race,JMONButnLIg,UCfzP_CiebRdveD9rRZv5Ndw,THE AMAZING RACE in Disney World -- Episode 2,,12/5/2025
amazing_race,6YeooIAn9b4,UCfzP_CiebRdveD9rRZv5Ndw,THE AMAZING RACE in Disney World -- Episode 3,,12/5/2025
amazing_race,SAa1Gibuyxc,UCZWJynmYSUQeVKK0tQdmGxw,BEAUTIFUL AEROPLANE RACE #aircraft #aeroplane #flyingbeast #flying #sky #amazing #DreamScreenAI,,12/5/2025
amazing_race,X3F7SmfyqFQ,UCCU9Q4caG5FyZ4TT0FXazPQ,F1#GRANDPRIX#CHAMPIONSHIP#RACE#AMAZING#CARS,,12/5/2025
amazing_race,sHAm-9NYFSs,UCCU9Q4caG5FyZ4TT0FXazPQ,F1#GRANDPRIX#CHAMPIONSHIP#RACE#AMAZING#CARS,,12/5/2025
amazing_race,WSy5O-2PnJg,UCCU9Q4caG5FyZ4TT0FXazPQ,F1#GRANDPRIX#CHAMPIONSHIP#RACE#AMAZING#CARS,,12/5/2025
amazing_race,MO7bKL16YeI,UCCU9Q4caG5FyZ4TT0FXazPQ,F1#GRANDPRIX#CHAMPIONSHIP#RACE#AMAZING#CARS,,12/5/2025
amazing_race,Hn2H3CeDwdQ,UC3vLcnilap3sDw_0HFSYTRA,ff master king is live!  new gameüéÆ amazing race üéÆüéØüèçÔ∏è,,12/5/2025
amazing_race,s53kjagkiew,UCTfEdgrI8jC7gT3NmanV0_g,Supra Vs porsa amazing raceü§©ü§©ü§©,,12/5/2025
amazing_race,fee8NKk13VU,UCTfEdgrI8jC7gT3NmanV0_g,Supra vs Thar amazing raceü§©ü§©ü§©ü§©,,12/5/2025
amazing_race,_2upU1bWLPw,UCTfEdgrI8jC7gT3NmanV0_g,Amazing raceü§© supra Vs Dodge charger üò±üò±üò±üò±,,12/5/2025
amazing_race,GYMLMj-SibU,UChVuPQl-tshU_jbO_w789yw,IL DIVO - Amazing Grace (Live Video),,12/5/2025
amazing_race,jPmJW9grSTM,UCBmziXhARV_wc_dBCQL0ryA,Hairy pony raceüò± #amazing #horse #equestrian #horseriding #viralshorts #funny #foryou #trending,,12/5/2025
amazing_race,vUF68YVkLTY,UCHBOs-a5UYDIT5ZVPR3Uxiw,A Super sonic amazing Race #edit #sonic #viralclip,,12/5/2025
amazing_race,80KnLrA39iE,UCHBOs-a5UYDIT5ZVPR3Uxiw,A super sonic amazing Race edit #animeedits #viralclip,,12/5/2025
amazing_race,vOcug3U7uHg,UCKXFcxNxpRp_N7gGcKkXGXA,"Amazing Grace, gaitero para funerales en Santiago de Chile #gaita #chile #amazingrace",,12/5/2025
amazing_race,xYwG3BgTGiA,UClwHg0qOllheBvy9_FNiE7w,2024 May 19 | R03 - AMAZING (3) [1:43],,12/5/2025
amazing_race,bwjoLc76pRA,UClwHg0qOllheBvy9_FNiE7w,2025 Apr 09 | R06 - AMAZING (5) (1:26.6),,12/5/2025
amazing_race,4sEpHLD_U_8,UClwHg0qOllheBvy9_FNiE7w,2025 May 02 | R06 - AMAZING (7) (1:43),,12/5/2025
amazing_race,N-jM3B9JKqo,UClwHg0qOllheBvy9_FNiE7w,2025 Oct 11 | R05 - AMAZING (9) (1:27.4),,12/5/2025
amazing_race,wgYNu8CKGYc,UCS0l0mYY0qMeujZtX1IGvtw,Supercars Flying Airshow at Adelaide 500 Perfect Race Day | Adelaide 500 Amazing Australia footages,,12/5/2025
amazing_race,VmvXAMVd_H4,UCfE1JL99ob2C8X-HJfvc25Q,amazing race 120 Forza Horizon 5,,12/5/2025
amazing_race,9G5WleAPhKc,UCfE1JL99ob2C8X-HJfvc25Q,amazing race 121 Forza Horizon 5,,12/5/2025
amazing_race,lg8qMFk5FoM,UCGAGPNod17fLs8blfuev4hA,BAIC CHALLENGE: TEKA-TEKI MENYESATKAN (2/5),,12/5/2025
amazing_race,Tvt6E9N7AQw,UC3RUNe5A87NiTE5zXmuPkig,Amazing grace |  latest | best version | with lyrics |original,,12/5/2025
amazing_race,qEpxBun0_L8,UCou94F-LTCeZE_P2ckRfb8Q,Amazing mini car race thrills fans #cars #minitrack #carshow,,12/5/2025
amazing_race,BWD4wt92qmE,UCyr5l3xDTfK5dnaY2_gvofA,Amazing Race Car In The World üòÆ #shorts,,12/5/2025
amazing_race,4yMUlQ_A7cA,UCoX6Taz4w8_VJKqg1ZhcdvQ,amazing race driver ojol  #funny #haveitoldyoulatelythatiloveyou #animation,,12/5/2025
amazing_race,9ONuwDS0Kuw,UCQqPXAuv4HctA3AWmCI57Fw,Amazing race steel ball roll / part 11 #shorts,,12/5/2025
amazing_race,Ap2tVhdMV90,UCSjj-IAxHXNQ2qSmwiK0afQ,CU·ªòC ƒêUA K√å TH√ö..DL.LAN V∆Ø∆†NG B·∫æN TRE,,12/5/2025
amazing_race,D_Y_7Ozh1nY,UCvXUylEzhrXH0P_Tv9kGXmg,The Slow Turtle Wins the Race #shorts #ai,,12/5/2025
amazing_race,zNpoflMb2fE,UC5yrmcndXp1_BxNcC_Zr95w,ind vs pak amazing race üèÅ #trending #sorts #VK TECH 2.1,,12/5/2025
